1,Miguel
2,Davi
3,Arthur
4,Pedro
5,Gabriel
6,Bernardo
7,Lucas
8,Matheus
9,Rafael
10,Heitor
11,Enzo
12,Guilherme
13,Nicolas
14,Lorenzo
15,Gustavo
16,Felipe
17,Samuel
18,João Pedro
19,Daniel
20,Vitor
21,Leonardo
22,Henrique
23,Theo
24,Murilo
25,Eduardo
26,Pedro Henrique
27,Pietro
28,Cauã
29,Isaac
30,Caio
31,Vinicius
32,Benjamin
33,João
34,Lucca
35,João Miguel
36,Bryan
37,Joaquim
38,João Vitor
39,Thiago
40,Antônio
41,Davi Lucas
42,Francisco
43,Enzo Gabriel
44,Bruno
45,Emanuel
46,João Gabriel
47,Ian
48,Davi Luiz
49,Rodrigo
50,Otávio
51,Sophia
52,Alice
53,Julia
54,Isabella
55,Manuela
56,Laura
57,Luiza
58,Valentina
59,Giovanna
60,Maria Eduarda
61,Helena
62,Beatriz
63,Maria Luiza
64,Lara
65,Mariana
66,Nicole
67,Rafaela
68,Heloísa
69,Isadora
70,Lívia
71,Maria Clara
72,Ana Clara
73,Lorena
74,Gabriela
75,Yasmin
76,Isabelly
77,Sarah
78,Ana Julia
79,Letícia
80,Ana Luiza
81,Melissa
82,Marina
83,Clara
84,Cecília
85,Esther
86,Emanuelly
87,Rebeca
88,Ana Beatriz
89,Lavínia
90,Vitória
91,Bianca
92,Catarina
93,Larissa
94,Maria Fernanda
95,Fernanda
96,Amanda
97,Alícia
98,Carolina
99,Agatha
100,Gabrielly
